,0
1,0.30576701073283075
2,0.1956003666361137
3,0.15625
4,0.13710452098141157
5,0.12054935016587853
6,0.10407316845343317
7,0.0942684766214178
8,0.08943089430894313
9,0.08221408221408222
10,0.07795599620153981
11,0.07222716936989038
12,0.06808436378141214
13,0.06628445897580493
14,0.06286493161536844
15,0.05905963302752293
16,0.055645306049183274
17,0.05531914893617018
18,0.05460750853242324
19,0.0520868364448972
20,0.050718832368076616
21,0.04934975329471858
22,0.04858344639729306
23,0.045012165450121655
24,0.043027478286912224
25,0.043198949291914146
26,0.04532967032967028
27,0.04166666666666663
28,0.04404145077720212
29,0.04532577903682722
30,0.04244628319765109
31,0.03943417101311841
32,0.03403141361256545
33,0.03664921465968585
34,0.038076152304609256
35,0.03535353535353536
36,0.03385585246955258
37,0.031818181818181746
38,0.031135531135531136
39,0.028790786948176605
40,0.024793388429752095
41,0.03422982885085579
42,0.033660589060308554
43,0.0324825986078886
44,0.0311974896244559
45,0.02863241665037619
46,0.02922662461396941
47,0.027966057509319908
48,0.027894044486964864
49,0.031240267829336643
50,0.031746031746031744
51,0.03645833333333337
52,0.028953386781786383
53,0.027738218753569018
54,0.027424913713561816
55,0.02712079994745985
56,0.026825447931532315
57,0.026538455423129447
58,0.026259445285906853
59,0.02598806352245631
60,0.02572397749142526
61,0.02546687428907461
62,0.02521645927769286
63,0.024972454745414534
64,0.024734598683833445
65,0.024502643671399062
66,0.0242763558519732
67,0.024055513999133863
68,0.023839908657869568
69,0.023629341356231234
70,0.023423623880319176
71,0.02322257760669407
72,0.023026032886927363
73,0.02283382847955851
74,0.022645811025214686
75,0.022461834561079894
76,0.02228176007128341
77,0.022105455070117134
78,0.02193279321529361
79,0.021763653948725727
80,0.021597922162549237
81,0.02143548788832375
82,0.02127624600753994
83,0.02112009598173262
84,0.020966941600653807
85,0.020816690747098507
86,0.020669255177100766
87,0.020524550314329936
88,0.020382495057618456
89,0.020243011600644054
90,0.020106025262872012
91,0.019971464330938084
92,0.01983925990972058
93,0.0197093457824117
94,0.01958165827895415
95,0.019456136152260085
96,0.019332720461675456
97,0.0192113544631953
98,0.019091983505973787
99,0.018974554934708125
100,0.018859017997507305
101,0.018745323758886275
102,0.01863342501755273
103,0.018523276228678595
104,0.018414833430370623
105,0.018308054174075383
106,0.01820289745867294
107,0.018099323668030985
108,0.017997294511807337
109,0.017896772969303476
110,0.017797723236185586
111,0.01770011067390204
112,0.01760390176163796
113,0.0175090640506583
114,0.017415566120900665
115,0.01732337753968849
116,0.017232468822443472
117,0.017142811395284275
118,0.01705437755940559
119,0.01696714045713862
120,0.016881074039600177
121,0.01679615303584354
122,0.016712352923429617
123,0.01662964990034192
124,0.0165480208581737
125,0.01646744335651986
126,0.01638789559851036
127,0.016309356407425608
128,0.016231805204337976
129,0.0161552219867267
130,0.016079587308016677
131,0.016004882257994468
132,0.015931088444057516
133,0.01585818797325516
134,0.015786163435082292
135,0.015714997884988802
136,0.015644674828569977
137,0.01557517820640494
138,0.015506492379512075
139,0.015438602115392087
140,0.01537149257463086
141,0.015305149298035914
142,0.01523955819428154
143,0.015174705528039113
144,0.015110577908570271
145,0.015047162278761827
146,0.01498444590458245
147,0.01492241636494203
148,0.014861061541935842
149,0.014800369611456326
150,0.014740329034156336
151,0.014680928546748392
152,0.01462215715362538
153,0.014564004118788746
154,0.014506458958070989
155,0.014449511431639906
156,0.014393151536772623
157,0.014337369500888035
158,0.014282155774826872
159,0.014227501026369035
160,0.01417339613397844
161,0.01411983218076599
162,0.014066800448661768
163,0.014014292412787994
164,0.01396229973602459
165,0.013910814263759685
166,0.013859828018817657
167,0.013809333196557683
168,0.013759322160136105
169,0.01370978743592616
170,0.013660721709088997
171,0.01361211781929008
172,0.013563968756555427
173,0.013516267657262318
174,0.013469007800259348
175,0.013422182603110976
176,0.01337578561846183
177,0.013329810530516363
178,0.013284251151629508
179,0.013239101419004272
180,0.013194355391492323
181,0.013150007246493815
182,0.013106051276952827
183,0.01306248188844498
184,0.013019293596353898
185,0.012976481023133367
186,0.012934038895652096
187,0.012891962042618223
188,0.012850245392080687
189,0.012808883969004838
190,0.012767872892919665
191,0.012727207375634179
192,0.012686882719020548
193,0.012646894312861734
194,0.012607237632761377
195,0.012567908238113877
196,0.012528901770132592
197,0.012490213949934229
198,0.01245184057667754
199,0.012413777525754522
200,0.012376020747032384
201,0.012338566263144606
202,0.012301410167829483
203,0.012264548624314628
204,0.012227977863745899
205,0.012191694183659368
206,0.012155693946494909
207,0.012119973578150103
208,0.01208452956657316
209,0.01204935846039363
210,0.01201445686758972
211,0.011979821454191056
212,0.011945448943015788
213,0.011911336112440987
214,0.011877479795205282
215,0.01184387687724275
216,0.011810524296547132
217,0.011777419042065397
218,0.011744558152619811
219,0.011711938715857632
220,0.011679557867227588
221,0.011647412788982374
222,0.011615500709206326
223,0.011583818900867624
224,0.011552364680894194
225,0.011521135409272684
226,0.011490128488169818
227,0.011459341361075466
228,0.011428771511966817
229,0.011398416464493022
230,0.011368273781179763
231,0.011338341062653107
232,0.011308615946882178
233,0.011279096108440042
234,0.01124977925778233
235,0.011220663140543095
236,0.011191745536847396
237,0.011163024260640192
238,0.011134497159031028
239,0.011106162111654123
240,0.011078017030043436
241,0.011050059857022256
242,0.011022288566106986
243,0.01099470116092465
244,0.010967295674643844
245,0.010940070169418689
246,0.010913022735845495
247,0.010886151492431741
248,0.010859454585077104
249,0.01083293018656616
250,0.010806576496072483
251,0.010780391738673841
252,0.010754374164878164
253,0.010728522050160054
254,0.010702833694507518
255,0.010677307421978683
256,0.010651941580268233
257,0.010626734540283301
258,0.010601684695728596
259,0.010576790462700525
260,0.010552050279290048
261,0.010527462605194118
262,0.0105030259213354
263,0.01047873872949012
264,0.010454599551923849
265,0.010430606931034949
266,0.010406759429005591
267,0.01038305562746008
268,0.010359494127130347
269,0.010336073547528402
270,0.010312792526625623
271,0.01028964972053866
272,0.01026664380322183
273,0.010243773466165845
274,0.010221037418102687
275,0.010198434384716524
276,0.010175963108360499
277,0.010153622347779256
278,0.010131410877837067
279,0.010109327489251422
280,0.010087370988331975
281,0.010065540196724674
282,0.01004383395116102
283,0.010022251103212265
284,0.01000079051904848
285,0.009979451079202381
286,0.009958231678337754
287,0.00993713122502245
288,0.009916148641505767
289,0.009895282863500176
290,0.00987453283996726
291,0.009853897532907795
292,0.009833375917155837
293,0.009812966980176795
294,0.00979266972186931
295,0.009772483154370938
296,0.00975240630186751
297,0.00973243820040608
298,0.009712577897711409
299,0.009692824453005884
300,0.009673176936832815
301,0.00965363443088302
302,0.009634196027824631
303,0.009614860831136053
304,0.009595627954942017
305,0.009576496523852621
306,0.009557465672805363
307,0.009538534546910022
308,0.00951970230129639
309,0.009500968100964765
310,0.009482331120639136
311,0.009463790544623043
312,0.009445345566657997
313,0.009426995389784473
314,0.00940873922620535
315,0.009390576297151823
316,0.009372505832751659
317,0.009354527071899814
318,0.00933663926213131
319,0.009318841659496372
320,0.009301133528437729
321,0.00928351414167008
322,0.009265982780061648
323,0.0092485387325178
324,0.009231181295866678
325,0.009213909774746802
326,0.009196723481496617
327,0.009179621736045921
328,0.009162603865809167
329,0.009145669205580572
330,0.009128817097431014
331,0.009112046890606674
332,0.009095357941429402
333,0.009078749613198739
334,0.009062221276095619
335,0.009045772307087648
336,0.009029402089835983
337,0.009013110014603767
338,0.008996895478166074
339,0.008980757883721342
340,0.008964696640804275
341,0.008948711165200185
342,0.008932800878860713
343,0.008916965209820958
344,0.008901203592117947
345,0.008885515465710418
346,0.008869900276399927
347,0.008854357475753213
348,0.008838886521025822
349,0.008823486875086958
350,0.008808158006345537
351,0.008792899388677429
352,0.008777710501353843
353,0.008762590828970882
354,0.008747539861380174
355,0.00873255709362064
356,0.008717642025851296
357,0.008702794163285156
358,0.008688013016124131
359,0.00867329809949497
360,0.00865864893338619
361,0.008644065042585981
362,0.008629545956621095
363,0.008615091209696654
364,0.008600700340636898
365,0.008586372892826842
366,0.008572108414154834
367,0.008557906456955979
368,0.008543766577956429
369,0.008529688338218535
370,0.008515671303086806
371,0.0085017150421347
372,0.008487819129112222
373,0.008473983141894296
374,0.008460206662429923
375,0.008446489276692094
376,0.008432830574628453
377,0.008419230150112693
378,0.008405687600896673
379,0.008392202528563247
380,0.008378774538479782
381,0.00836540323975237
382,0.008352088245180708
383,0.008338829171213638
384,0.008325625637905336
385,0.00831247726887214
386,0.008299383691250018
387,0.008286344535652622
388,0.008273359436129984
389,0.008260428030127782
390,0.00824754995844721
391,0.008234724865205404
392,0.008221952397796457
393,0.008209232206852969
394,0.008196563946208166
395,0.008183947272858537
396,0.008171381846927008
397,0.008158867331626646
398,0.008146403393224864
399,0.008133989701008126
400,0.008121625927247154
