payment_step,stage,n_mature,paid_at_this_step,paid_at_least_k_times_snapshot,paid_exactly_k_times_snapshot,observed_paid_share_among_mature,empirical_survival_probability,empirical_arpu,incremental_fact_ltv,cumulative_fact_ltv
0,trial/cohort base,140,140,140,0,1.0,1.0,0.0,0.0,0.0
1,paid payment 1,140,140,140,30,1.0,0.7857142857142857,10.61857142857143,8.343163265306124,8.343163265306124
2,paid payment 2,140,110,110,37,0.7857142857142857,0.5214285714285715,10.462727272727273,5.455564935064936,13.798728200371059
3,paid payment 3,140,73,73,10,0.5214285714285715,0.45,9.853013698630138,4.433856164383562,18.232584364754622
4,paid payment 4,139,63,63,5,0.45323741007194246,0.4172661870503597,9.831269841269842,4.102256480529863,22.334840845284486
5,paid payment 5,136,58,58,3,0.4264705882352941,0.40441176470588236,9.903793103448276,4.005210446247465,26.34005129153195
6,paid payment 6,132,55,55,4,0.4166666666666667,0.38636363636363635,9.826363636363638,3.79654958677686,30.13660087830881
7,paid payment 7,90,50,51,3,0.5555555555555556,0.5222222222222223,9.891960784313726,5.165801742919391,35.3024026212282
8,paid payment 8,46,23,48,23,0.5,0.4782608695652174,9.885833333333332,4.728007246376811,40.03040986760501
